id,estate_id,block_code,block_code_new,year_planted,seed_variety,area_ha
1,1,A 01,AME,2012.0,Topaz,7.7
2,1,C 06,AME,2010.0,PPKS,30.0
3,1,A 02,AME,2012.0,Topaz,22.6
4,1,C 07A,AME,2010.0,PPKS,25.4
5,1,A 03,AME,2012.0,Slpn. Jaya,29.7
6,1,C 08,AME,2010.0,PPKS,29.1
7,1,A 03B,AME,2019.0,PPKS,6.0
8,1,B 03,AME,2011.0,Topaz,22.3
9,1,A 04,AME,2012.0,Slpn. Jaya,18.8
10,1,B 04,AME,2011.0,Topaz,29.700000000000003
11,1,A 04B,AME,2017.0,Socfin,13.7
12,1,B 05,AME,2011.0,PPKS,30.1
13,1,A 04C,AME,2019.0,Socfin,0.3
14,1,C 05A,AME,2011.0,PPKS,21.5
15,1,A 04D,AME,2020.0,SRIWIJAYA,1.2
16,1,C 09,AME,2011.0,PPKS,29.7
17,1,A 05,AME,2021.0,SRIWIJAYA,15.0
18,1,A 05B,AME,2022.0,SRIWIJAYA,16.7
19,1,,AME,2023.0,PPKS,0.9
20,1,A 06,AME,2023.0,PPKS,4.5
21,1,B 01A,AME,2012.0,Topaz,9.4
22,1,A 07,AME,2023.0,PPKS,1.2
23,1,B 02A,AME,2012.0,Topaz,7.5
24,1,A 10,AME,2018.0,Lonsum,3.4
25,1,B 06,AME,2012.0,PPKS,24.5
26,1,A 10B,AME,2021.0,SRIWIJAYA,2.8000000000000003
27,1,B 07,AME,2012.0,PPKS,17.900000000000002
28,1,A 11,AME,2016.0,Topaz/Lonsum,4.0
29,1,C 10,AME,2012.0,Slpn. Jaya,31.4
30,1,A 11B,AME,2018.0,Lonsum,6.0
31,1,C 11,AME,2012.0,Slpn. Jaya,28.9
32,1,C 04A,AME,2013.0,PPKS,6.0
33,1,B 01B,AME,2016.0,Topaz,4.7
34,1,C 04B,AME,2015.0,PPKS,1.9
35,1,B 01C,AME,2017.0,Socfin,0.4
36,1,C 05B,AME,2015.0,PPKS,8.2
37,1,B 01D,AME,2018.0,Lonsum,0.4
38,1,C 07B,AME,2015.0,PPKS,4.1
39,1,B 01E,AME,2019.0,PPKS,1.4
40,1,B 02B,AME,2016.0,Topaz,2.7
41,1,B 09,AME,2016.0,PPKS,3.3000000000000003
42,1,B 02C,AME,2018.0,Lonsum,4.5
43,1,B 10,AME,2016.0,PPKS,26.1
44,1,B 02D,AME,2020.0,SRIWIJAYA,0.3
45,1,B 11,AME,2016.0,PPKS,13.0
46,1,B 02E,AME,2022.0,PPKS,0.5
47,1,C 04C,AME,2016.0,PPKS,1.3
48,1,B 03B,AME,2018.0,Lonsum,1.6
49,1,B 03C,AME,2019.0,Lonsum,0.5
50,1,B 08,AME,2017.0,Socfin,17.04055532196
51,1,B 03D,AME,2020.0,SRIWIJAYA,2.3
52,1,B 09B,AME,2017.0,Socfin,15.1
53,1,B 06 B,AME,2019.0,SAINS,0.3
54,1,B 06C,AME,2020.0,SRIWIJAYA,4.0
55,1,B 08B,AME,2018.0,Lonsum,1.4
56,1,B 09C,AME,2018.0,Lonsum,4.402800000000001
57,1,B 10B,AME,2018.0,Lonsum,6.0
58,1,B 07B,AME,2021.0,SRIWIJAYA,1.9
59,1,B 11B,AME,2018.0,Lonsum,13.5
60,1,C 05C,AME,2018.0,Lonsum,0.7
61,1,B 08C,AME,2019.0,PPKS,1.6
62,1,B 08D,AME,2020.0,SRIWIJAYA,3.1
63,1,B 09D,AME,2019.0,PPKS,1.15
64,1,B 11C,AME,2019.0,SAINS,1.4
65,1,C 04D,AME,2019.0,SAINS,0.3
66,1,C 05D,AME,2019.0,Lonsum,0.2
67,1,B 09E,AME,2020.0,SRIWIJAYA,1.7000000000000002
68,1,B 09F,AME,2021.0,SRIWIJAYA,0.7
69,1,C 03,AME,0.0,0,0.0
70,1,C 04E,AME,2021.0,SRIWIJAYA,0.1
71,1,D 01,AME,2009.0,Slpn. Jaya,25.8
72,1,D 02,AME,2009.0,Dami Mas,23.7
73,1,F 06,AME,2008.0,Slpn. Jaya,24.9
74,1,D 03,AME,2009.0,Dami Mas,25.3
75,1,F 07,AME,2008.0,Slpn. Jaya,20.2
76,1,D 04,AME,2009.0,Dami Mas,22.0
77,1,F 08,AME,2008.0,Slpn. Jaya,29.6
78,1,D 05,AME,2009.0,Dami Mas,24.1
79,1,D 06,AME,2009.0,Dami Mas,23.0
80,1,D 07,AME,2009.0,Dami Mas,24.7
81,1,D 08,AME,2009.0,Dami Mas,25.3
82,1,D 09,AME,2009.0,Slpn. Jaya,24.4
83,1,D 10,AME,2009.0,Slpn. Jaya,23.7
84,1,D 11,AME,2009.0,Slpn. Jaya,24.0
85,1,D 12,AME,2009.0,Slpn. Jaya,26.7
86,1,E 01,AME,2009.0,Dami Mas,22.5
87,1,E 02,AME,2009.0,Dami Mas,22.2
88,1,E 03,AME,2009.0,Dami Mas,21.6
89,1,E 04,AME,2009.0,Slpn. Jaya,19.9
90,1,E 05,AME,2009.0,Dami Mas,24.0
91,1,E 06,AME,2009.0,Dami Mas,24.3
92,1,E 07,AME,2009.0,Slpn. Jaya,24.2
93,1,E 08,AME,2009.0,Slpn. Jaya,24.7
94,1,E 09,AME,2009.0,Slpn. Jaya,23.7
95,1,E 10,AME,2009.0,Slpn. Jaya,25.6
96,1,E 11,AME,2009.0,Slpn. Jaya,24.3
97,1,E 12,AME,2009.0,Slpn. Jaya,25.4
98,1,F 01,AME,2009.0,Slpn. Jaya,17.9
99,1,F 02,AME,2009.0,Slpn. Jaya,15.2
100,1,F 03,AME,2009.0,Slpn. Jaya,12.2
101,1,F 04,AME,2009.0,Slpn. Jaya,12.0
102,1,F 05,AME,2009.0,Slpn. Jaya,20.5
103,1,F 09,AME,2009.0,Slpn. Jaya,25.2
104,1,F 10,AME,2009.0,Slpn. Jaya,25.0
105,1,F 11,AME,2009.0,Slpn. Jaya,20.5
106,1,F 12,AME,2009.0,Slpn. Jaya,24.7
107,1,C 20,AME,2011.0,Topaz,29.0
108,1,C 21,AME,2010.0,PPKS,28.9
109,1,E 16,AME,2009.0,Slp. Jaya,25.3
110,1,C 22,AME,2011.0,Topaz,29.9
111,1,C 23,AME,2013.0,Topaz,28.8
112,1,D 13,AME,2010.0,PPKS,24.6
113,1,C 24,AME,2021.0,SRIWIJAYA,7.2
114,1,D 14,AME,2010.0,PPKS,24.1
115,1,D 15,AME,2010.0,PPKS,23.7
116,1,D 16,AME,2010.0,PPKS,26.9
117,1,D 17,AME,2010.0,PPKS,22.5
118,1,D 18,AME,2010.0,PPKS,25.8
119,1,D 19,AME,2010.0,PPKS,25.6
120,1,D 20,AME,2010.0,PPKS,25.1
121,1,D 21,AME,2010.0,PPKS,30.4
122,1,D 22,AME,2010.0,PPKS,32.1
123,1,D 23,AME,2010.0,PPKS,29.9
124,1,E 13,AME,2010.0,PPKS,23.6
125,1,E 14,AME,2010.0,PPKS,25.2
126,1,E 15,AME,2010.0,PPKS,23.9
127,1,D 24A,AME,2013.0,PPKS,11.2
128,1,E 17,AME,2010.0,PPKS,22.5
129,1,D 24B,AME,2016.0,Lonsum,0.7
130,1,E 18,AME,2010.0,PPKS,25.4
131,1,D 24C,AME,2018.0,Lonsum,1.6
132,1,E 19,AME,2010.0,PPKS,25.7
133,1,D 24D,AME,2019.0,SAINS,1.8
134,1,E 20,AME,2010.0,PPKS,24.9
135,1,D 24E,AME,2020.0,SRIWIJAYA,1.2
136,1,E 21,AME,2010.0,PPKS,29.9
137,1,D 24F,AME,2021.0,SRIWIJAYA,1.1
138,1,E 22,AME,2010.0,PPKS,32.0
139,1,D 24G,AME,2022.0,SRIWIJAYA,1.1
140,1,E 23,AME,2010.0,PPKS,29.4
141,1,E 24,AME,2013.0,PPKS,9.1
142,1,E 24B,AME,2018.0,Lonsum,0.7
143,1,E 24C,AME,2021.0,SRIWIJAYA,2.8
144,1,E 24D,AME,2022.0,SRIWIJAYA,2.0
145,1,A 12,AME,2016.0,Topaz/Socfin,3.1
146,1,B 19,AME,2011.0,Ppks,30.1
147,1,A 12B,AME,2018.0,Lonsum,5.699999999999999
148,1,B 20,AME,2011.0,Topaz,30.5
149,1,A 12C,AME,2021.0,SRIWIJAYA,0.3
150,1,C 12,AME,2011.0,Ppks,29.7
151,1,C 19,AME,2011.0,Ppks,28.2
152,1,A 13,AME,2016.0,Topaz,0.3
153,1,A 20,AME,2012.0,Topaz,9.7
154,1,A 13B,AME,2018.0,Lonsum,8.1
155,1,B 18,AME,2012.0,Topaz,35.8
156,1,A 13C,AME,2020.0,SRIWIJAYA,0.1
157,1,C 14,AME,2012.0,Topaz,29.200000000000003
158,1,A 13D,AME,2021.0,SRIWIJAYA,1.9
159,1,C 18A,AME,2012.0,Topaz,27.3
160,1,A 18,AME,2013.0,Topaz,3.7
161,1,A 14,AME,2017.0,Socfin,8.7
162,1,A 19,AME,2013.0,Topaz,10.4
163,1,A 14B,AME,2018.0,Lonsum,4.3
164,1,A 21,AME,2013.0,Topaz,8.5
165,1,A 14C,AME,2020.0,SRIWIJAYA,0.8
166,1,B 14,AME,2013.0,Topaz,4.0
167,1,B 15,AME,2013.0,Topaz,0.6
168,1,B 16,AME,2013.0,Topaz,0.9
169,1,A 18B,AME,2018.0,Lonsum,1.2
170,1,B 17,AME,2013.0,Topaz,2.0
171,1,B 21,AME,2013.0,Topaz,30.0
172,1,B 22,AME,2013.0,Topaz,12.92
173,1,A 19B,AME,2017.0,Socfin,3.0
174,1,A 19C,AME,2019.0,Socfin,2.7
175,1,C 13,AME,2013.0,Topaz,29.700000000000003
176,1,C 15,AME,2013.0,Topaz,28.9
177,1,A 20B,AME,2017.0,Socfin,6.7
178,1,C 16,AME,2013.0,Topaz,28.700000000000003
179,1,A 20C,AME,2019.0,Socfin,1.8
180,1,C 17,AME,2013.0,Topaz,26.9
181,1,C 18B,AME,2015.0,PPKS/Lonsum,3.0
182,1,A 21B,AME,2017.0,Socfin,5.0
183,1,B 12,AME,2016.0,Topaz,26.000000000000004
184,1,B 12B,AME,2018.0,Lonsum,3.5
185,1,B 12C,AME,2019.0,PPKS,0.4
186,1,B 13,AME,2016.0,Topaz,25.2
187,1,B 13B,AME,2018.0,Lonsum,2.4
188,1,B 15B,AME,2017.0,Socfin,1.6
189,1,B 14B,AME,2018.0,Lonsum,5.1
190,1,B 16B,AME,2017.0,Socfin,1.0
191,1,B 14C,AME,2019.0,SAINS,14.3
192,1,B 14D,AME,2020.0,SRIWIJAYA,0.6
193,1,B 21B,AME,2017.0,PPKS,1.4
194,1,B 14E,AME,2021.0,SRIWIJAYA,6.9
195,1,B 15C,AME,2021.0,SRIWIJAYA,3.3
196,1,B 23,AME,2025.0,0,
197,1,B 16C,AME,2018.0,Lonsum,0.5
198,1,B 17B,AME,2018.0,Lonsum,4.2
199,1,B 16D,AME,2019.0,Lonsum,0.1
200,1,B 16E,AME,2021.0,SRIWIJAYA,2.1
201,1,B 17C,AME,2019.0,Lonsum,0.5
202,1,B 17D,AME,2021.0,SRIWIJAYA,0.1
203,1,B 24,AME,2021.0,SRIWIJAYA,0.6
204,5,G 05,OLE,2008.0,Socfindo,23.4
205,5,G 06,OLE,2008.0,Socfindo,23.7
206,5,G 07,OLE,2008.0,Socfindo,22.1
207,5,G 08,OLE,2008.0,Socfindo,22.2
208,5,G 01,OLE,2009.0,Socfindo,8.2
209,5,G 09,OLE,2009.0,Socfindo,24.2
210,5,G 10,OLE,2009.0,Socfindo,28.0
211,5,G 02,OLE,2011.0,Socfindo,10.7
212,5,G 11,OLE,2009.0,Socfindo,19.9
213,5,G 03,OLE,2011.0,Socfindo,2.4
214,5,G 12,OLE,2009.0,Socfindo,15.2
215,5,G 04,OLE,0.0,0,0.0
216,5,H 09,OLE,2009.0,Socfindo,35.1
217,5,H 10,OLE,2009.0,Socfindo,23.7
218,5,H 05,OLE,2010.0,Socfindo,24.4
219,5,H 06,OLE,2010.0,Socfindo,19.3
220,5,H 11,OLE,2010.0,Socfindo,23.9
221,5,H 12,OLE,2010.0,Socfindo,18.7
222,5,I 12,OLE,2010.0,Socfindo,30.6
223,5,I 14,OLE,2010.0,Socfindo/Lonsum,28.1
224,5,I 15,OLE,2010.0,Socfindo,30.4
225,5,J 12,OLE,2010.0,Socfindo,28.7
226,5,J 13,OLE,2010.0,Socfindo,29.7
227,5,H 07,OLE,2011.0,Socfindo,16.6
228,5,J 14,OLE,2010.0,Socfindo,30.3
229,5,H 08,OLE,2011.0,Socfindo,10.2
230,5,J 15,OLE,2010.0,Socfindo,30.5
231,5,I 10,OLE,2013.0,Topaz,19.2
232,5,J 11,OLE,2011.0,Socfindo,10.4
233,5,I 11,OLE,2013.0,Topaz,31.1
234,5,K 12,OLE,2011.0,Socfindo,3.6
235,5,I 13,OLE,2013.0,Topaz,30.5
236,5,K 13,OLE,2013.0,Topaz,15.1
237,5,K 14,OLE,2013.0,Topaz,25.6
238,5,K 15,OLE,2013.0,Topaz,36.4
239,5,F 13,OLE,2009.0,Socfindo,24.6
240,5,F 14,OLE,2009.0,Socfindo,25.4
241,5,F 16,OLE,2009.0,Socfindo,24.7
242,5,G 13,OLE,2009.0,Socfindo,24.9
243,5,G 14,OLE,2009.0,Socfindo,24.9
244,5,G 15,OLE,2009.0,Socfindo,4.8
245,5,G 16A,OLE,2009.0,Dami Mas,7.699999999999999
246,5,G 17,OLE,2009.0,Socfindo,24.1
247,5,G 18,OLE,2009.0,Socfindo,24.9
248,5,F 15,OLE,2010.0,Socfindo,19.8
249,5,H 13,OLE,2009.0,Socfindo,36.5
250,5,H 14,OLE,2009.0,Socfindo,24.9
251,5,F 17,OLE,2010.0,Socfindo,22.3
252,5,H 15,OLE,2009.0,Socfindo,24.7
253,5,F 18,OLE,2010.0,Socfindo,23.8
254,5,H 17,OLE,2009.0,Socfindo,24.6
255,5,F 19,OLE,2010.0,Socfindo,23.8
256,5,H 18,OLE,2009.0,Socfindo,24.8
257,5,F 20,OLE,2010.0,Socfindo,23.9
258,5,H 19,OLE,2009.0,Socfindo,24.6
259,5,F 21,OLE,2010.0,Socfindo,28.7
260,5,F 22,OLE,2010.0,Socfindo,30.3
261,5,F 23,OLE,2013.0,Topaz,28.4
262,5,F 24,OLE,2013.0,Topaz,9.5
263,5,G 15B,OLE,2015.0,Topaz,0.5
264,5,G 19,OLE,2010.0,Socfindo,24.6
265,5,G 20,OLE,2010.0,Socfindo,24.9
266,5,G 16B,OLE,2015.0,Socfindo,0.2
267,5,H 16,OLE,2010.0,Socfindo,19.0
268,5,G 16C,OLE,2016.0,Topaz,1.3
269,5,H 20,OLE,2010.0,Socfindo,23.1
270,5,H 21,OLE,2010.0,Socfindo,23.0
271,5,H 22A,OLE,2011.0,Topaz,22.8
272,5,G 21,OLE,2014.0,Topaz/Lonsum,8.1
273,5,G 22,OLE,2013.0,Topaz/Lonsum,10.2
274,5,G 21B,OLE,2015.0,Topaz/Lonsum,3.1
275,5,G 23A,OLE,2013.0,Socfindo/Lonsum/Topas,27.7
276,5,H 22B,OLE,2013.0,Topaz,5.2
277,5,G 22B,OLE,2015.0,Topaz/Lonsum,3.6
278,5,H 23 A,OLE,2013.0,Topaz,11.3
279,5,G 23B,OLE,2016.0,Topaz/Socfind/Lonsum,4.7
280,5,G 23C,OLE,2019.0,Topaz/Socfind/Lonsum,0.9
281,5,G 23D,OLE,2020.0,SRIWIJAYA,0.3
282,5,H 23 B,OLE,2016.0,Socfindo,0.25
283,5,I 16,OLE,2010.0,Socfindo,29.9
284,5,I 17,OLE,2010.0,Socfindo,21.9
285,5,I 18,OLE,2010.0,Socfindo,37.4
286,5,I 19,OLE,2010.0,Socfindo,29.9
287,5,I 20,OLE,2010.0,Socfindo,29.7
288,5,I 21,OLE,2010.0,Socfindo,29.6
289,5,J 16,OLE,2010.0,Socfindo,29.8
290,5,J 17,OLE,2010.0,Socfindo,22.4
291,5,J 18,OLE,2010.0,Socfindo,37.9
292,5,J 19,OLE,2010.0,Socfindo,31.5
293,5,J 20,OLE,2010.0,Socfindo,30.9
294,5,L 22,OLE,2010.0,Socfindo,14.3
295,5,L 23,OLE,2010.0,Socfindo,19.0
296,5,I 23,OLE,2011.0,Socfindo,16.400000000000002
297,5,I 22A,OLE,2013.0,Topaz,25.4
298,5,I 22B,OLE,2017.0,Topaz/Socfin,6.7
299,5,J 22,OLE,2011.0,Socfindo,21.8
300,5,J 23,OLE,2011.0,Socfindo,28.5
301,5,I 23B,OLE,2017.0,Socfin,2.8
302,5,K 18,OLE,2011.0,Socfindo,38.900000000000006
303,5,K 16,OLE,2013.0,Topaz,35.8
304,5,K 17,OLE,2013.0,Topaz,26.2
305,5,K 19,OLE,2013.0,Topaz,27.300000000000004
306,5,K 20,OLE,2013.0,Topaz,12.7
307,5,K 23,OLE,2013.0,Topaz,8.4
308,5,J 21,OLE,2011.0,Socfindo,29.2
309,5,L 21,OLE,2013.0,Topaz,4.0
310,5,J 22B,OLE,2016.0,Topaz,3.694436193742
311,5,K 19 B,OLE,2017.0,Topaz,2.3000000000000003
312,5,K 20B,OLE,2017.0,Socfin,15.829592783
313,5,K 21,OLE,2017.0,Socfin,30.3
314,5,K 22,OLE,2017.0,Topaz/Socfin,31.200000000000003
315,5,K 23 B,OLE,2017.0,Topaz,21.7
316,5,L 20,OLE,2017.0,Socfin,6.199999999999999
317,5,L 21B,OLE,2017.0,Socfin,7.8
318,5,L 22B,OLE,2017.0,Socfin,8.23
319,5,L 23 B,OLE,2017.0,Topaz/Socfin,7.699999999999999
320,5,H 26,OLE,2010.0,Socfindo,29.7
321,5,L 24,OLE,2010.0,Socfindo,12.9
322,5,H 25A,OLE,2011.0,Socfindo,28.000000000000004
323,5,H 27,OLE,2011.0,Socfindo,29.2
324,5,H 28,OLE,2011.0,Socfindo,28.5
325,5,H 29,OLE,2011.0,Socfindo,29.2
326,5,H 30,OLE,2011.0,Socfindo,30.2
327,5,I 25,OLE,2011.0,Socfindo,28.1
328,5,I 26,OLE,2011.0,Socfindo,31.200000000000003
329,5,I 27,OLE,2011.0,Socfindo,29.7
330,5,H 24A,OLE,2013.0,Topaz,13.5
331,5,I 28,OLE,2011.0,Socfindo,29.6
332,5,H 24B,OLE,2016.0,Topaz,1.3
333,5,I 29,OLE,2011.0,Socfindo,29.0
334,5,I 30,OLE,2011.0,Socfindo,29.9
335,5,H 25B,OLE,2016.0,Topaz,0.3
336,5,J 24,OLE,2011.0,Socfindo,32.599999999999994
337,5,J 25,OLE,2011.0,Socfindo,26.4
338,5,J 26,OLE,2011.0,Socfindo,31.5
339,5,J 27,OLE,2011.0,Socfindo,30.5
340,5,K 24,OLE,2011.0,Socfindo,28.5
341,5,K 25,OLE,2011.0,Socfindo,23.7
342,5,I 24,OLE,2013.0,Topaz,18.7
343,5,I 24B,OLE,2017.0,Topaz,10.2
344,5,J 28,OLE,2013.0,Topaz,28.700000000000003
345,5,J 29,OLE,2013.0,Topaz,29.5
346,5,J 30,OLE,2013.0,Topaz,29.5
347,5,K 26,OLE,2013.0,Topaz,32.7
348,5,K 27,OLE,2013.0,Topaz,26.200000000000003
349,5,K 28,OLE,2013.0,Topaz,26.6
350,5,K 29,OLE,2013.0,Topaz,29.3
351,5,K 30,OLE,2013.0,Topaz,29.4
352,5,L 25,OLE,2013.0,Topaz/SRIWIJAYA,8.9
353,5,L 28,OLE,2013.0,Topaz,2.8000000000000003
354,5,L 29,OLE,2013.0,Topaz,12.9
355,5,L 30,OLE,2013.0,Topaz,23.8
356,5,K 24B,OLE,2017.0,Topaz,5.004105
357,5,L 24B,OLE,2017.0,Topaz,9.1
358,9,F 26,DBE,2011.0,Socfindo,28.2
359,9,F 32,DBE,2011.0,Socfindo,30.0
360,9,F 33,DBE,2011.0,Socfindo,27.7
361,9,G 25A,DBE,2011.0,Socfindo,22.9
362,9,G 26,DBE,2011.0,Socfindo,29.1
363,9,G 31,DBE,2011.0,Socfindo,32.3
364,9,E 26,DBE,2012.0,Topaz,17.2081
365,9,E 27A,DBE,2012.0,Topaz,24.6
366,9,F 25A,DBE,2012.0,Topaz,7.6
367,9,F 27,DBE,2012.0,Topaz,29.2
368,9,G 27,DBE,2012.0,Topaz,30.0
369,9,G 30,DBE,2012.0,Topaz,29.6
370,9,G 32,DBE,2012.0,Topaz,30.5
371,9,G 33,DBE,2012.0,Topaz,28.8
372,9,E 33,DBE,2013.0,Topaz,27.3
373,9,C 27,DBE,2022.0,PPKS,2.3000000000000003
374,9,G 25B,DBE,2013.0,Topaz,6.2
375,9,G 28,DBE,2013.0,Topaz,30.0
376,9,C 28,DBE,2022.0,PPKS,3.2
377,9,G 29,DBE,2013.0,Topaz,26.0
378,9,C 29,DBE,0.0,0,0.0
379,9,D 27A,DBE,2015.0,Topaz,6.300000000000001
380,9,D 26,DBE,2021.0,SRIWIJAYA,0.8
381,9,E 27B,DBE,2015.0,Topaz,4.4
382,9,D 27B,DBE,2016.0,Topaz,2.2
383,9,D 28,DBE,2016.0,Topaz/Socfindo,1.0
384,9,D 27C,DBE,2017.0,Topaz,0.6
385,9,F 25B,DBE,2016.0,Topaz/Lonsum,0.6
386,9,D 27D,DBE,2018.0,Lonsum,3.5
387,9,D 27E,DBE,2019.0,SAINS,5.2
388,9,D 28B,DBE,2017.0,Topaz,1.0
389,9,D 27F,DBE,2020.0,SRIWIJAYA,5.2
390,9,E 26B,DBE,2017.0,Socfin,0.7
391,9,D 27G,DBE,2021.0,SRIWIJAYA,0.5
392,9,F 25C,DBE,2017.0,Topaz/Socfin,9.2
393,9,F 29,DBE,2017.0,Socfin,3.1
394,9,D 27H,DBE,2023.0,PPKS,3.7
395,9,F 30,DBE,2017.0,Socfin,3.9
396,9,G 25C,DBE,2017.0,Topaz/Socfin,2.5
397,9,D 28C,DBE,2020.0,SRIWIJAYA,3.8
398,9,F 29B,DBE,2018.0,Lonsum,3.3000000000000003
399,9,D 28D,DBE,2021.0,SRIWIJAYA,2.6
400,9,F 30B,DBE,2018.0,Lonsum,8.0
401,9,D 28E,DBE,2022.0,SRIWIJAYA,2.2
402,9,F 31,DBE,2018.0,Lonsum,10.2
403,9,D 28F,DBE,2023.0,PPKS,3.0
404,9,F 28,DBE,2019.0,SAINS,3.0
405,9,D 29,DBE,2022.0,PPKS,0.2
406,9,F 29C,DBE,2019.0,SAINS,1.1
407,9,D 33,DBE,2023.0,PPKS,2.3
408,9,D 34,DBE,2023.0,PPKS,0.1
409,9,E 26C,DBE,2020.0,SRIWIJAYA,1.1
410,9,E 32,DBE,2020.0,SRIWIJAYA,2.3
411,9,F 29D,DBE,2020.0,SRIWIJAYA,0.7
412,9,F 30C,DBE,2020.0,SRIWIJAYA,2.8
413,9,E 26D,DBE,2021.0,SRIWIJAYA,1.6
414,9,F 31B,DBE,2020.0,SRIWIJAYA,5.4
415,9,E 28,DBE,2021.0,SRIWIJAYA,0.9
416,9,E 32B,DBE,2023.0,PPKS,4.5
417,9,F 25D,DBE,2021.0,SRIWIJAYA,0.2
418,9,F 28B,DBE,2021.0,SRIWIJAYA,2.7
419,9,E 34,DBE,2013.0,Topaz,30.0
420,9,F 29E,DBE,2021.0,SRIWIJAYA,1.7
421,9,F 30D,DBE,2021.0,SRIWIJAYA,5.9
422,9,F 31C,DBE,2021.0,SRIWIJAYA,4.2
423,9,F 28C,DBE,2022.0,SRIWIJAYA,1.3
424,9,F 29F,DBE,2022.0,SRIWIJAYA,1.4
425,9,F 30E,DBE,2022.0,SRIWIJAYA,3.3000000000000003
426,9,F 31D,DBE,2022.0,SRIWIJAYA,3.9
427,9,F 29G,DBE,2023.0,PPKS,0.8
428,9,F 30F,DBE,2023.0,PPKS,1.3
429,9,F 31E,DBE,2023.0,PPKS,1.4
430,9,K 32B,DBE,2009.0,Dami Mas,35.2
431,9,K 35B,DBE,2009.0,Socfindo,24.3
432,9,K 33B,DBE,2010.0,Socfindo,28.9708542653
433,9,F 34,DBE,2012.0,Topaz,30.4
434,9,K 34B,DBE,2010.0,Socfindo,29.3201906226
435,9,H 31,DBE,2011.0,Topaz,30.7
436,9,H 34,DBE,2011.0,Topaz,29.8
437,9,J 31,DBE,2011.0,Socfindo,31.2
438,9,J 32,DBE,2011.0,Socfindo,28.8
439,9,J 33,DBE,2011.0,Topaz,29.8
440,9,J 34,DBE,2011.0,Socfindo,30.3
441,9,K 32A,DBE,2011.0,Socfindo,5.7
442,9,K 33A,DBE,2011.0,Socfindo,5.7
443,9,K 35A,DBE,2011.0,Socfindo,5.6
444,9,G 34,DBE,2012.0,Topaz,31.5
445,9,G 35,DBE,2012.0,Topaz,29.8
446,9,H 32,DBE,2012.0,Topaz,28.1
447,9,I 32,DBE,2012.0,Topaz,28.4
448,9,G 36,DBE,2013.0,Topaz,31.6
449,9,H 33,DBE,2013.0,Topaz,28.2
450,9,H 35,DBE,2013.0,Topaz,29.5
451,9,I 31,DBE,2013.0,Topaz,31.2
452,9,I 33,DBE,2013.0,Topaz,28.6
453,9,I 34,DBE,2013.0,Topaz,30.5
454,9,I 35,DBE,2013.0,Topaz,29.3
455,9,H 36,DBE,2012.0,Topaz,29.8
456,9,J 35,DBE,2013.0,Topaz,29.8
457,9,K 31,DBE,2013.0,Topaz,18.1
458,9,K 34A,DBE,2013.0,Topaz,5.7
459,9,L 32,DBE,2009.0,Socfindo,32.9390415064
460,9,L 33,DBE,2009.0,Socfindo,30.4431990786
461,9,L 34,DBE,2009.0,Socfindo,29.6369607063
462,9,I 36,DBE,2011.0,Socfindo,29.1
463,9,L 35,DBE,2009.0,Socfindo,24.9752709651
464,9,L 36,DBE,2009.0,Socfindo,31.3667867276
465,9,L 39A,DBE,2009.0,Socfindo,20.237895390914
466,9,M 31,DBE,2009.0,Socfindo,0.0
467,9,M 32,DBE,2009.0,Socfindo,7.5
468,9,M 33,DBE,2009.0,Socfindo,24.8812144054
469,9,J 36,DBE,2011.0,Socfindo,29.9
470,9,M 34,DBE,2009.0,Socfindo,21.6685746458
471,9,M 35,DBE,2009.0,Socfindo,19.5596913678
472,9,M 36,DBE,2009.0,Socfindo,26.3
473,9,M 37,DBE,2009.0,Socfindo,29.4505817917
474,9,M 38B,DBE,2009.0,Socfindo,27.9565013317
475,9,M 39B,DBE,2009.0,Socfindo,16.4590296729
476,9,M 40B,DBE,2009.0,Socfindo,21.1501037748
477,9,M 41B,DBE,2009.0,Socfindo,24.0595521288
478,9,M 42,DBE,2009.0,Socfindo,29.1254392107
479,9,M 43B,DBE,2009.0,Socfindo,11.5309778437
480,9,K 36A,DBE,2011.0,Socfindo,5.63
481,9,N 37,DBE,2009.0,Socfindo,9.2
482,9,K 36B,DBE,2009.0,Socfindo,30.9552213536
483,9,N 38,DBE,2009.0,Socfindo,19.583149317
484,9,L 31,DBE,2011.0,Socfindo,17.400000000000002
485,9,N 39,DBE,2009.0,Socfindo,21.9977233934
486,9,N 40,DBE,2009.0,Socfindo,17.5116379591
487,9,N 41,DBE,2009.0,Socfindo,12.7744558446
488,9,N 42,DBE,2009.0,Socfindo,11.52561018576
489,9,N 43A,DBE,2009.0,Socfindo,2.2587060007
490,9,L 37,DBE,2009.0,Socfindo,30.7980403585
491,9,L 39B,DBE,2011.0,Socfindo,18.9
492,9,L 38A,DBE,2013.0,Topaz,15.3855740112
493,9,L 40,DBE,2013.0,Topaz,10.7
494,9,L 38B,DBE,2009.0,Socfindo,15.693388737
495,9,M 38A,DBE,2013.0,Topaz,10.8
496,9,M 39A,DBE,2013.0,Topaz,13.7
497,9,M 40A,DBE,2013.0,Topaz,8.6
498,9,M 41A,DBE,2013.0,Topaz,6.0
499,9,M 43A,DBE,2013.0,Topaz,10.7
500,9,M 44,DBE,2013.0,Topaz,2.4
501,9,N 43B,DBE,2013.0,Topaz,26.6
502,9,N 44,DBE,2013.0,Topaz,0.8
503,9,M 39C,DBE,2017.0,Socfin,2.87296713859
504,9,M 40C,DBE,2017.0,Topaz/Socfin,5.5981497472
505,9,M 41C,DBE,2017.0,Socfin,0.4
506,9,-,DBE,0.0,0,0.0
507,9,K 37B,DBE,2009.0,Socfindo,29.2700450061
508,9,K 38B,DBE,2009.0,Socfindo,16.9382019701
509,9,K 39B,DBE,2009.0,Socfindo,8.40068500991
510,9,I 39,DBE,2010.0,Socfindo,30.0
511,9,I 40,DBE,2010.0,Socfindo,28.5
512,9,I 41,DBE,2010.0,Socfindo,29.3
513,9,I 42,DBE,2010.0,Socfindo,19.2
514,9,J 39,DBE,2010.0,Socfindo,29.2
515,9,J 40,DBE,2010.0,Socfindo,29.8
516,9,J 41,DBE,2010.0,Socfindo,30.2
517,9,K 39A,DBE,2010.0,Socfindo,28.1
518,9,I 43,DBE,2011.0,Socfindo,19.2
519,9,J 37,DBE,2011.0,Socfindo,31.4
520,9,J 38,DBE,2011.0,Socfindo,28.6
521,9,K 37A,DBE,2011.0,Socfindo,14.9
522,9,K 38A,DBE,2011.0,Socfindo,24.0
523,9,J 42A,DBE,2013.0,Topaz,14.3
524,9,J 43A,DBE,2013.0,Topaz/Lonsum,9.2
525,9,J 44A,DBE,2013.0,Topaz/Lonsum,3.8
526,9,K 40,DBE,2013.0,Topaz,25.9
527,9,K 41,DBE,2013.0,Topaz,8.2
528,9,I 45B,DBE,2015.0,Topaz,1.88855463897
529,9,J 42B,DBE,2015.0,Topaz,1.5
530,9,J 43B,DBE,2015.0,Topaz,2.7
531,9,J 44B,DBE,2015.0,Topaz,0.4
532,9,G 37,DBE,2013.0,Topaz,30.5
533,9,I 44,DBE,2016.0,Topaz,19.6
534,9,G 38,DBE,2013.0,Topaz,29.3
535,9,I 45A,DBE,2016.0,Topaz/Lonsum,6.7
536,9,G 39,DBE,2013.0,Topaz/Lonsum,29.7
537,9,J 42C,DBE,2016.0,Socfindo,0.8
538,9,G 40,DBE,2016.0,Topaz,29.1
539,9,J 42D,DBE,2017.0,Topaz/Socfin,12.9
540,9,G 41,DBE,2016.0,Topaz,23.60786531003
541,9,J 43C,DBE,2017.0,Socfin,9.8
542,9,G 42,DBE,2016.0,Topaz,5.2
543,9,J 44C,DBE,2017.0,Socfin,0.2
544,9,G 43,DBE,2016.0,Topaz,0.3
545,9,K 41B,DBE,2018.0,Lonsum,0.6
546,9,H 37,DBE,2011.0,Socfindo,31.5
547,9,K 42,DBE,2018.0,Lonsum,0.8
548,9,H 38,DBE,2011.0,Socfindo,28.8
549,9,H 39,DBE,2010.0,Socfindo,31.4
550,9,H 40,DBE,2010.0,Socfindo,27.1
551,9,H 41,DBE,2010.0,Socfindo,28.3
552,9,I 38,DBE,2010.0,Socfindo,29.0
553,9,I 37A,DBE,2011.0,Socfindo,25.1
554,9,I 37B,DBE,2015.0,Topaz,0.4
555,9,E 36A,DBE,2012.0,Topaz,30.5
556,9,C 38,DBE,2013.0,Topaz,24.5
557,9,D 35,DBE,2013.0,Topaz,24.1
558,9,D 36,DBE,2013.0,Topaz/Lonsum,32.8
559,9,D 37,DBE,2013.0,Topaz,31.6
560,9,D 38,DBE,2013.0,Topaz/Lonsum,32.1
561,9,D 39,DBE,2013.0,Topaz/Lonsum,27.5
562,9,E 35,DBE,2013.0,Topaz/Lonsum,28.6
563,9,E 36B,DBE,2015.0,Topaz,0.7
564,9,C 36,DBE,0.0,0,0.0
565,9,C 37,DBE,0.0,0,0.0
566,9,C 39,DBE,2016.0,Topaz,17.700000000000003
567,9,D 40,DBE,2016.0,Topaz,21.7
568,9,D 41,DBE,2016.0,Topaz,18.2
569,9,D 42,DBE,2016.0,Topaz,22.7
570,9,D 43,DBE,2016.0,Topaz,15.0812528149
571,9,D 43B,DBE,2017.0,Topaz,1.0
572,9,E 37A,DBE,2011.0,Socfindo,18.3
573,9,E 37B,DBE,2015.0,Topaz,6.6
574,9,E 38,DBE,2013.0,Topaz/Lonsum,29.6
575,9,E 39,DBE,2013.0,Topaz/Lonsum,27.5
576,9,E 40,DBE,2013.0,Topaz/Lonsum,30.4
577,9,E 41,DBE,2012.0,Topaz,29.0
578,9,E 42,DBE,2016.0,Topaz/Lonsum,30.200000000000003
579,9,E 43,DBE,2016.0,Topaz,12.4
580,9,E 43B,DBE,2017.0,Topaz,1.13882709099
581,9,E 44,DBE,2016.0,Topaz,4.8
582,9,F 35,DBE,2011.0,Socfindo/Lonsum,29.0
583,9,F 36,DBE,2011.0,Socfindo,31.0
584,9,F 37,DBE,2011.0,Socfindo,28.6
585,9,F 38,DBE,2013.0,Topaz,29.8
586,9,F 39,DBE,2013.0,Topaz/Lonsum,28.4
587,9,F 40,DBE,2013.0,Topaz/Lonsum,30.6
588,9,F 41,DBE,2013.0,Topaz/Lonsum,29.4
589,9,F 42,DBE,2013.0,Topaz/Lonsum,28.7
590,9,F 43,DBE,2016.0,Topaz,23.700000000000003
591,9,F 44,DBE,2016.0,Topaz,24.5
592,9,F 45,DBE,2016.0,Topaz,17.1
